model,name,layer,proj_type,shape_m,s1,s2,pr,alpha_hill,dmin_5pct,dmin_10pct,dmin_20pct,dmin_50pct
mistralai/Mistral-7B-v0.3,layer_0.q_proj,0,q_proj,4096,3.3381617069244385,2.437041759490967,11.439150880803709,3.034898042678833,491,221,86,13
mistralai/Mistral-7B-v0.3,layer_0.k_proj,0,k_proj,1024,3.4872498512268066,2.701585531234741,14.903342717323874,3.357238531112671,377,175,68,17
mistralai/Mistral-7B-v0.3,layer_0.v_proj,0,v_proj,1024,6.286822319030762,5.943840980529785,381.3970584117698,9.669333457946777,965,854,646,292
mistralai/Mistral-7B-v0.3,layer_0.o_proj,0,o_proj,4096,7.084325790405273,6.466272830963135,643.0823779009753,7.163089275360107,3080,2554,1822,628
mistralai/Mistral-7B-v0.3,layer_0.gate_proj,0,gate_proj,4096,7.528057098388672,6.853718280792236,947.3970538772497,11.94451904296875,3906,3585,2872,1160
mistralai/Mistral-7B-v0.3,layer_0.up_proj,0,up_proj,4096,7.804792881011963,7.427358627319336,1681.3606029361054,14.50513744354248,3931,3651,3014,1421
mistralai/Mistral-7B-v0.3,layer_0.down_proj,0,down_proj,4096,8.048721313476562,7.773569583892822,2376.940852733955,8.011754989624023,4028,3872,3432,1925
mistralai/Mistral-7B-v0.3,layer_1.q_proj,1,q_proj,4096,6.0042195320129395,5.175192356109619,176.83062545637264,6.440244674682617,1763,1261,756,215
mistralai/Mistral-7B-v0.3,layer_1.k_proj,1,k_proj,1024,5.290796756744385,4.687102794647217,108.53826619718583,6.655396461486816,624,464,298,105
mistralai/Mistral-7B-v0.3,layer_1.v_proj,1,v_proj,1024,6.639834403991699,6.442131519317627,627.7434220179422,50.4802131652832,1002,953,825,445
mistralai/Mistral-7B-v0.3,layer_1.o_proj,1,o_proj,4096,7.549417495727539,7.102288722991943,1214.7441081195684,7.062565803527832,3354,2934,2304,1078
mistralai/Mistral-7B-v0.3,layer_1.gate_proj,1,gate_proj,4096,7.773499965667725,7.199966907501221,1339.3864400168884,8.903608322143555,3956,3727,3159,1500
mistralai/Mistral-7B-v0.3,layer_1.up_proj,1,up_proj,4096,7.959244728088379,7.685775279998779,2177.1572259269956,32.5789794921875,3971,3767,3252,1691
mistralai/Mistral-7B-v0.3,layer_1.down_proj,1,down_proj,4096,8.122968673706055,7.958711624145508,2860.3853261034506,10.087626457214355,4033,3894,3494,2058
mistralai/Mistral-7B-v0.3,layer_2.q_proj,2,q_proj,4096,7.307407855987549,6.786240100860596,885.5776118422324,7.49778938293457,3081,2602,1944,824
mistralai/Mistral-7B-v0.3,layer_2.k_proj,2,k_proj,1024,6.433184623718262,6.147036075592041,467.3302006522306,8.59361457824707,935,840,682,357
mistralai/Mistral-7B-v0.3,layer_2.v_proj,2,v_proj,1024,6.699291229248047,6.540863513946533,692.8846353298686,32.776344299316406,1005,959,843,481
mistralai/Mistral-7B-v0.3,layer_2.o_proj,2,o_proj,4096,7.539924144744873,7.089537143707275,1199.3525442465032,8.294132232666016,3351,2933,2306,1066
mistralai/Mistral-7B-v0.3,layer_2.gate_proj,2,gate_proj,4096,8.013296127319336,7.676888942718506,2157.895980218177,8.13943862915039,4005,3845,3394,1860
mistralai/Mistral-7B-v0.3,layer_2.up_proj,2,up_proj,4096,8.100229263305664,7.93996524810791,2807.262948906349,15.563949584960938,4011,3863,3442,1974
mistralai/Mistral-7B-v0.3,layer_2.down_proj,2,down_proj,4096,8.078741073608398,7.853723526000977,2575.3057038707234,11.38389778137207,4032,3887,3468,1980
mistralai/Mistral-7B-v0.3,layer_3.q_proj,3,q_proj,4096,7.125422954559326,6.3935699462890625,597.9875571478353,6.627971649169922,2975,2494,1837,721
mistralai/Mistral-7B-v0.3,layer_3.k_proj,3,k_proj,1024,6.1928391456604,5.748352527618408,313.6734659989503,8.09582233428955,887,788,621,275
mistralai/Mistral-7B-v0.3,layer_3.v_proj,3,v_proj,1024,6.751290798187256,6.610673904418945,742.9835499400866,30.884761810302734,1010,977,879,522
mistralai/Mistral-7B-v0.3,layer_3.o_proj,3,o_proj,4096,7.660422325134277,7.315371513366699,1503.2301624126287,11.474674224853516,3419,3032,2440,1209
mistralai/Mistral-7B-v0.3,layer_3.gate_proj,3,gate_proj,4096,8.009095191955566,7.651400089263916,2103.5887406136344,9.259387969970703,4017,3865,3428,1891
mistralai/Mistral-7B-v0.3,layer_3.up_proj,3,up_proj,4096,8.119150161743164,7.968050956726074,2887.2245511136325,16.78954315185547,4022,3884,3482,2029
mistralai/Mistral-7B-v0.3,layer_3.down_proj,3,down_proj,4096,8.075030326843262,7.867745876312256,2611.671916618798,10.929167747497559,4028,3877,3449,1950
mistralai/Mistral-7B-v0.3,layer_4.q_proj,4,q_proj,4096,7.175013065338135,6.549641132354736,698.9932827268035,8.154560089111328,3094,2602,1913,730
mistralai/Mistral-7B-v0.3,layer_4.k_proj,4,k_proj,1024,6.296075344085693,5.936081409454346,378.4490333260852,11.142629623413086,939,841,662,298
mistralai/Mistral-7B-v0.3,layer_4.v_proj,4,v_proj,1024,6.707758903503418,6.544593811035156,695.4741276528715,29.409244537353516,1008,969,858,488
mistralai/Mistral-7B-v0.3,layer_4.o_proj,4,o_proj,4096,7.533590793609619,7.125004291534424,1242.6534999338244,10.785954475402832,3358,2939,2306,1055
mistralai/Mistral-7B-v0.3,layer_4.gate_proj,4,gate_proj,4096,7.9919023513793945,7.528670310974121,1860.6297989377806,6.12297248840332,4023,3874,3442,1903
mistralai/Mistral-7B-v0.3,layer_4.up_proj,4,up_proj,4096,8.136088371276855,7.996044158935547,2969.189084326811,13.391921997070312,4028,3895,3506,2076
mistralai/Mistral-7B-v0.3,layer_4.down_proj,4,down_proj,4096,8.099203109741211,7.913608074188232,2734.2380239371223,10.639788627624512,4033,3891,3480,2003
mistralai/Mistral-7B-v0.3,layer_5.q_proj,5,q_proj,4096,7.30805778503418,6.736352920532227,842.4825253037885,8.507322311401367,3178,2708,2041,844
mistralai/Mistral-7B-v0.3,layer_5.k_proj,5,k_proj,1024,6.389206409454346,6.047097682952881,422.88390408715924,9.843679428100586,951,863,703,340
mistralai/Mistral-7B-v0.3,layer_5.v_proj,5,v_proj,1024,6.764758586883545,6.638589382171631,764.0164972340161,22.325952529907227,1010,976,879,530
mistralai/Mistral-7B-v0.3,layer_5.o_proj,5,o_proj,4096,7.64964485168457,7.333060264587402,1530.0569938689193,12.228713035583496,3403,3009,2411,1183
mistralai/Mistral-7B-v0.3,layer_5.gate_proj,5,gate_proj,4096,7.982532501220703,7.521435737609863,1847.217510743921,9.166545867919922,4020,3866,3425,1869
mistralai/Mistral-7B-v0.3,layer_5.up_proj,5,up_proj,4096,8.135385513305664,7.994711875915527,2965.2359180794006,15.0072021484375,4027,3892,3502,2076
mistralai/Mistral-7B-v0.3,layer_5.down_proj,5,down_proj,4096,8.080282211303711,7.878442287445068,2639.7573721943986,12.722009658813477,4022,3869,3444,1963
mistralai/Mistral-7B-v0.3,layer_6.q_proj,6,q_proj,4096,7.2586283683776855,6.65073299407959,773.3509795222046,7.350022792816162,3150,2675,1998,795
mistralai/Mistral-7B-v0.3,layer_6.k_proj,6,k_proj,1024,6.342835903167725,5.9885172843933105,398.82283048015825,8.344381332397461,939,841,672,317
mistralai/Mistral-7B-v0.3,layer_6.v_proj,6,v_proj,1024,6.724244594573975,6.567438125610352,711.5446181981824,25.92655372619629,1007,969,863,503
mistralai/Mistral-7B-v0.3,layer_6.o_proj,6,o_proj,4096,7.581958770751953,7.230006217956543,1380.2310862772845,16.066129684448242,3368,2955,2334,1097
mistralai/Mistral-7B-v0.3,layer_6.gate_proj,6,gate_proj,4096,8.027545928955078,7.649353981018066,2099.288970742986,8.737268447875977,4025,3876,3446,1917
mistralai/Mistral-7B-v0.3,layer_6.up_proj,6,up_proj,4096,8.133996963500977,7.988090515136719,2945.6668795995624,17.694833755493164,4031,3898,3509,2077
mistralai/Mistral-7B-v0.3,layer_6.down_proj,6,down_proj,4096,8.05772876739502,7.8101887702941895,2465.5958226073294,8.891938209533691,4025,3872,3442,1937
mistralai/Mistral-7B-v0.3,layer_7.q_proj,7,q_proj,4096,7.178360939025879,6.544667720794678,695.5255318780132,8.788082122802734,3146,2651,1950,736
mistralai/Mistral-7B-v0.3,layer_7.k_proj,7,k_proj,1024,6.241428375244141,5.8301496505737305,340.40961775475245,12.59814167022705,938,834,656,287
mistralai/Mistral-7B-v0.3,layer_7.v_proj,7,v_proj,1024,6.725311279296875,6.5772247314453125,718.5424113796715,18.656940460205078,1006,966,858,500
mistralai/Mistral-7B-v0.3,layer_7.o_proj,7,o_proj,4096,7.526307582855225,7.146451950073242,1269.5933737984715,11.015030860900879,3319,2889,2257,1037
mistralai/Mistral-7B-v0.3,layer_7.gate_proj,7,gate_proj,4096,7.992917060852051,7.5640974044799805,1927.7280348922995,8.776260375976562,4023,3865,3416,1858
mistralai/Mistral-7B-v0.3,layer_7.up_proj,7,up_proj,4096,8.117995262145996,7.959157943725586,2861.662257019497,16.417917251586914,4030,3890,3487,2036
mistralai/Mistral-7B-v0.3,layer_7.down_proj,7,down_proj,4096,8.056692123413086,7.831564426422119,2518.8668745429595,11.899711608886719,4014,3850,3408,1912
mistralai/Mistral-7B-v0.3,layer_8.q_proj,8,q_proj,4096,7.230567932128906,6.640542030334473,765.5098101265794,8.660884857177734,3149,2661,1969,762
mistralai/Mistral-7B-v0.3,layer_8.k_proj,8,k_proj,1024,6.278164386749268,5.905562877655029,367.0737852796326,10.120134353637695,943,842,658,291
mistralai/Mistral-7B-v0.3,layer_8.v_proj,8,v_proj,1024,6.666072845458984,6.476827144622803,649.9056149799084,49.48544692993164,1003,956,836,466
mistralai/Mistral-7B-v0.3,layer_8.o_proj,8,o_proj,4096,7.504327774047852,7.133327484130859,1253.0395067539987,17.035280227661133,3318,2883,2237,998
mistralai/Mistral-7B-v0.3,layer_8.gate_proj,8,gate_proj,4096,8.00301456451416,7.597585678100586,1993.3774260035354,9.166418075561523,4023,3863,3411,1859
mistralai/Mistral-7B-v0.3,layer_8.up_proj,8,up_proj,4096,8.106796264648438,7.937760829925537,2801.081383300142,14.851935386657715,4029,3885,3473,2008
mistralai/Mistral-7B-v0.3,layer_8.down_proj,8,down_proj,4096,8.046686172485352,7.816232681274414,2480.5427878364108,15.611120223999023,4013,3849,3402,1891
mistralai/Mistral-7B-v0.3,layer_9.q_proj,9,q_proj,4096,7.227103233337402,6.671461582183838,789.5487519365511,9.623574256896973,3176,2677,1966,753
mistralai/Mistral-7B-v0.3,layer_9.k_proj,9,k_proj,1024,6.33838415145874,6.023870944976807,413.1748813980989,11.030713081359863,954,848,662,310
mistralai/Mistral-7B-v0.3,layer_9.v_proj,9,v_proj,1024,6.652814865112305,6.460972785949707,639.6830286601956,20.259273529052734,1000,951,826,455
mistralai/Mistral-7B-v0.3,layer_9.o_proj,9,o_proj,4096,7.479757308959961,7.075395107269287,1182.510627060785,31.614519119262695,3304,2868,2222,987
mistralai/Mistral-7B-v0.3,layer_9.gate_proj,9,gate_proj,4096,7.989302158355713,7.555247783660889,1910.7436363301304,8.34219741821289,4018,3856,3399,1840
mistralai/Mistral-7B-v0.3,layer_9.up_proj,9,up_proj,4096,8.096948623657227,7.9118452072143555,2729.4221721262443,19.198528289794922,4027,3882,3468,1998
mistralai/Mistral-7B-v0.3,layer_9.down_proj,9,down_proj,4096,8.010815620422363,7.741252422332764,2301.352844666863,15.417686462402344,4007,3835,3371,1828
mistralai/Mistral-7B-v0.3,layer_10.q_proj,10,q_proj,4096,7.216909408569336,6.634529113769531,760.9206743805557,8.638063430786133,3145,2652,1957,752
mistralai/Mistral-7B-v0.3,layer_10.k_proj,10,k_proj,1024,6.323312759399414,5.984800338745117,397.34317929106146,10.539654731750488,936,836,668,308
mistralai/Mistral-7B-v0.3,layer_10.v_proj,10,v_proj,1024,6.6549577713012695,6.472980976104736,647.4107693377639,21.478679656982422,1000,949,824,453
mistralai/Mistral-7B-v0.3,layer_10.o_proj,10,o_proj,4096,7.534706115722656,7.184314250946045,1318.5847099549126,27.30078125,3308,2875,2240,1034
mistralai/Mistral-7B-v0.3,layer_10.gate_proj,10,gate_proj,4096,7.993351936340332,7.5931315422058105,1984.518396365916,7.911518573760986,4024,3866,3410,1841
mistralai/Mistral-7B-v0.3,layer_10.up_proj,10,up_proj,4096,8.094188690185547,7.902257442474365,2703.3781658743387,18.618762969970703,4031,3889,3478,1998
mistralai/Mistral-7B-v0.3,layer_10.down_proj,10,down_proj,4096,8.029243469238281,7.766157627105713,2359.3881999575,12.426101684570312,4020,3858,3407,1869
mistralai/Mistral-7B-v0.3,layer_11.q_proj,11,q_proj,4096,7.201900959014893,6.6428961753845215,767.3140541496609,9.449828147888184,3161,2657,1941,735
mistralai/Mistral-7B-v0.3,layer_11.k_proj,11,k_proj,1024,6.250552177429199,5.891577243804932,361.9757583881716,13.95193862915039,953,848,659,276
mistralai/Mistral-7B-v0.3,layer_11.v_proj,11,v_proj,1024,6.612544059753418,6.412559509277344,609.4515834601145,29.402366638183594,991,936,802,430
mistralai/Mistral-7B-v0.3,layer_11.o_proj,11,o_proj,4096,7.487630367279053,7.0992045402526855,1211.0033868079433,25.14690589904785,3286,2846,2205,990
mistralai/Mistral-7B-v0.3,layer_11.gate_proj,11,gate_proj,4096,7.987789154052734,7.570662975311279,1940.4263099459658,8.058980941772461,4023,3862,3402,1829
mistralai/Mistral-7B-v0.3,layer_11.up_proj,11,up_proj,4096,8.086599349975586,7.885258197784424,2657.81117843002,17.476285934448242,4030,3887,3473,1984
mistralai/Mistral-7B-v0.3,layer_11.down_proj,11,down_proj,4096,8.025638580322266,7.758814811706543,2342.1270980480963,13.805274963378906,4016,3855,3406,1864
mistralai/Mistral-7B-v0.3,layer_12.q_proj,12,q_proj,4096,7.16748571395874,6.598636627197266,734.0936633352659,8.304206848144531,3143,2633,1911,705
mistralai/Mistral-7B-v0.3,layer_12.k_proj,12,k_proj,1024,6.281482219696045,5.954817771911621,385.60663591506807,12.718416213989258,933,813,633,293
mistralai/Mistral-7B-v0.3,layer_12.v_proj,12,v_proj,1024,6.678016662597656,6.503830909729004,667.6946176019753,24.95670509338379,996,947,833,474
mistralai/Mistral-7B-v0.3,layer_12.o_proj,12,o_proj,4096,7.4731550216674805,7.097452640533447,1208.8836876069556,32.87084197998047,3270,2825,2179,967
mistralai/Mistral-7B-v0.3,layer_12.gate_proj,12,gate_proj,4096,7.979396820068359,7.544073581695557,1889.5114483375937,7.354877948760986,4014,3846,3379,1811
mistralai/Mistral-7B-v0.3,layer_12.up_proj,12,up_proj,4096,8.0804443359375,7.877821922302246,2638.120266589311,20.65260887145996,4027,3880,3457,1964
mistralai/Mistral-7B-v0.3,layer_12.down_proj,12,down_proj,4096,8.025172233581543,7.756126403808594,2335.838961385148,13.03782844543457,4014,3850,3399,1866
mistralai/Mistral-7B-v0.3,layer_13.q_proj,13,q_proj,4096,7.24379825592041,6.632403373718262,759.3048728226822,8.847066879272461,3187,2703,2010,787
mistralai/Mistral-7B-v0.3,layer_13.k_proj,13,k_proj,1024,6.321778297424316,5.931910514831543,376.8738495343223,11.092487335205078,955,862,690,312
mistralai/Mistral-7B-v0.3,layer_13.v_proj,13,v_proj,1024,6.671967506408691,6.480766296386719,652.4707407224294,25.25318145751953,1004,959,842,471
mistralai/Mistral-7B-v0.3,layer_13.o_proj,13,o_proj,4096,7.488820552825928,7.079028129577637,1186.8145278987581,39.047706604003906,3291,2855,2219,1006
mistralai/Mistral-7B-v0.3,layer_13.gate_proj,13,gate_proj,4096,8.006298065185547,7.61651611328125,2031.472367427253,8.345918655395508,4023,3863,3409,1854
mistralai/Mistral-7B-v0.3,layer_13.up_proj,13,up_proj,4096,8.086479187011719,7.890849590301514,2672.7136679736686,16.140872955322266,4028,3883,3463,1974
mistralai/Mistral-7B-v0.3,layer_13.down_proj,13,down_proj,4096,8.011556625366211,7.717729091644287,2247.8491207213433,12.794313430786133,4020,3856,3401,1853
mistralai/Mistral-7B-v0.3,layer_14.q_proj,14,q_proj,4096,7.157379150390625,6.563324928283691,708.62390562819,10.433490753173828,3153,2646,1926,704
mistralai/Mistral-7B-v0.3,layer_14.k_proj,14,k_proj,1024,6.278437614440918,5.896627902984619,363.80859920606616,11.810937881469727,957,859,675,289
mistralai/Mistral-7B-v0.3,layer_14.v_proj,14,v_proj,1024,6.70596981048584,6.54694938659668,697.1143005288069,40.508506774902344,1004,962,853,485
mistralai/Mistral-7B-v0.3,layer_14.o_proj,14,o_proj,4096,7.493130683898926,7.132552146911621,1252.0683551208901,34.027042388916016,3291,2849,2202,985
mistralai/Mistral-7B-v0.3,layer_14.gate_proj,14,gate_proj,4096,7.987897872924805,7.5137939453125,1833.15525704248,7.789487838745117,4021,3858,3399,1838
mistralai/Mistral-7B-v0.3,layer_14.up_proj,14,up_proj,4096,8.088611602783203,7.890474319458008,2671.7108646342344,20.174772262573242,4030,3887,3470,1986
mistralai/Mistral-7B-v0.3,layer_14.down_proj,14,down_proj,4096,8.075695037841797,7.84807825088501,2560.808353930562,11.497291564941406,4031,3883,3462,1973
mistralai/Mistral-7B-v0.3,layer_15.q_proj,15,q_proj,4096,7.165740489959717,6.565274238586426,710.0065807017527,10.143526077270508,3175,2671,1949,716
mistralai/Mistral-7B-v0.3,layer_15.k_proj,15,k_proj,1024,6.24865198135376,5.851940155029297,347.90872296131465,11.334822654724121,953,841,652,285
mistralai/Mistral-7B-v0.3,layer_15.v_proj,15,v_proj,1024,6.751369953155518,6.6317644119262695,758.8198609889916,46.17784118652344,1005,965,861,514
mistralai/Mistral-7B-v0.3,layer_15.o_proj,15,o_proj,4096,7.534210205078125,7.1800947189331055,1313.0326214048278,29.341474533081055,3296,2863,2233,1036
mistralai/Mistral-7B-v0.3,layer_15.gate_proj,15,gate_proj,4096,7.9886884689331055,7.52163028717041,1847.5769210592964,7.753786563873291,4010,3840,3374,1825
mistralai/Mistral-7B-v0.3,layer_15.up_proj,15,up_proj,4096,8.086591720581055,7.899135589599609,2694.9517767927478,19.801244735717773,4020,3867,3442,1967
mistralai/Mistral-7B-v0.3,layer_15.down_proj,15,down_proj,4096,8.0830717086792,7.874518871307373,2629.4207961248176,14.537174224853516,4024,3872,3450,1979
mistralai/Mistral-7B-v0.3,layer_16.q_proj,16,q_proj,4096,7.187451362609863,6.559971809387207,706.2517846441352,9.657151222229004,3189,2696,1987,739
mistralai/Mistral-7B-v0.3,layer_16.k_proj,16,k_proj,1024,6.267578601837158,5.840064525604248,343.8015239503382,11.712108612060547,959,864,685,294
mistralai/Mistral-7B-v0.3,layer_16.v_proj,16,v_proj,1024,6.766667366027832,6.652156352996826,774.4525192923162,90.24725341796875,1007,971,873,527
mistralai/Mistral-7B-v0.3,layer_16.o_proj,16,o_proj,4096,7.506013870239258,7.100680351257324,1212.791918375513,24.159290313720703,3304,2873,2242,1026
mistralai/Mistral-7B-v0.3,layer_16.gate_proj,16,gate_proj,4096,7.9981184005737305,7.484550476074219,1780.323691790795,6.814250946044922,4008,3838,3378,1844
mistralai/Mistral-7B-v0.3,layer_16.up_proj,16,up_proj,4096,8.104639053344727,7.936079978942871,2796.3771375800748,16.409011840820312,4020,3871,3457,2004
mistralai/Mistral-7B-v0.3,layer_16.down_proj,16,down_proj,4096,8.08224868774414,7.872129440307617,2623.1454767701357,15.52314281463623,4025,3872,3449,1977
mistralai/Mistral-7B-v0.3,layer_17.q_proj,17,q_proj,4096,7.298002243041992,6.636682510375977,762.5610038846681,7.75888729095459,3219,2750,2072,837
mistralai/Mistral-7B-v0.3,layer_17.k_proj,17,k_proj,1024,6.404889106750488,5.998274326324463,402.73320739377937,9.027937889099121,968,884,723,345
mistralai/Mistral-7B-v0.3,layer_17.v_proj,17,v_proj,1024,6.729362964630127,6.583508491516113,723.0717753078484,29.542776107788086,1007,968,863,503
mistralai/Mistral-7B-v0.3,layer_17.o_proj,17,o_proj,4096,7.52261209487915,7.145772457122803,1268.7309870770807,15.678487777709961,3331,2902,2262,1026
mistralai/Mistral-7B-v0.3,layer_17.gate_proj,17,gate_proj,4096,8.024759292602539,7.57628870010376,1951.3733780703228,6.4211201667785645,4012,3851,3407,1890
mistralai/Mistral-7B-v0.3,layer_17.up_proj,17,up_proj,4096,8.117679595947266,7.957167148590088,2855.970940720868,13.781148910522461,4025,3883,3482,2039
mistralai/Mistral-7B-v0.3,layer_17.down_proj,17,down_proj,4096,8.092440605163574,7.891108989715576,2673.407058261727,16.170394897460938,4022,3876,3464,2002
mistralai/Mistral-7B-v0.3,layer_18.q_proj,18,q_proj,4096,7.204196453094482,6.594696998596191,731.2072962836136,10.181662559509277,3188,2698,1996,749
mistralai/Mistral-7B-v0.3,layer_18.k_proj,18,k_proj,1024,6.34840202331543,5.9891791343688965,399.0868787313002,11.705517768859863,960,865,693,315
mistralai/Mistral-7B-v0.3,layer_18.v_proj,18,v_proj,1024,6.783532619476318,6.673488616943359,791.150817874178,16.537975311279297,1008,975,883,544
mistralai/Mistral-7B-v0.3,layer_18.o_proj,18,o_proj,4096,7.558889389038086,7.233736038208008,1385.3887126650409,15.452821731567383,3324,2893,2256,1047
mistralai/Mistral-7B-v0.3,layer_18.gate_proj,18,gate_proj,4096,8.01684856414795,7.500271797180176,1808.5339020753995,5.820931434631348,4007,3842,3398,1888
mistralai/Mistral-7B-v0.3,layer_18.up_proj,18,up_proj,4096,8.114938735961914,7.952120304107666,2841.593610129155,12.24915599822998,4019,3874,3470,2032
mistralai/Mistral-7B-v0.3,layer_18.down_proj,18,down_proj,4096,8.124557495117188,7.960779190063477,2866.305479360542,11.932265281677246,4032,3895,3500,2065
mistralai/Mistral-7B-v0.3,layer_19.q_proj,19,q_proj,4096,7.336829662322998,6.700288772583008,812.6404595724885,8.694531440734863,3257,2803,2140,889
mistralai/Mistral-7B-v0.3,layer_19.k_proj,19,k_proj,1024,6.348817348480225,5.936346530914307,378.54938158797245,10.949742317199707,959,863,697,329
mistralai/Mistral-7B-v0.3,layer_19.v_proj,19,v_proj,1024,6.790492057800293,6.6749186515808105,792.2830002842743,23.441211700439453,1010,979,894,557
mistralai/Mistral-7B-v0.3,layer_19.o_proj,19,o_proj,4096,7.58266544342041,7.195687294006348,1333.6666317475692,13.45008373260498,3357,2944,2328,1117
mistralai/Mistral-7B-v0.3,layer_19.gate_proj,19,gate_proj,4096,8.027400016784668,7.515616416931152,1836.4991766447663,5.529979705810547,4005,3843,3405,1908
mistralai/Mistral-7B-v0.3,layer_19.up_proj,19,up_proj,4096,8.116009712219238,7.956487655639648,2854.030987766808,10.672685623168945,4017,3869,3464,2031
mistralai/Mistral-7B-v0.3,layer_19.down_proj,19,down_proj,4096,8.139524459838867,7.993525981903076,2961.7215468064383,10.013733863830566,4033,3899,3514,2096
mistralai/Mistral-7B-v0.3,layer_20.q_proj,20,q_proj,4096,7.35286808013916,6.688839912414551,803.3897089050711,7.919454097747803,3288,2841,2180,906
mistralai/Mistral-7B-v0.3,layer_20.k_proj,20,k_proj,1024,6.394021034240723,5.981264114379883,395.94056609819233,9.777543067932129,978,900,735,344
mistralai/Mistral-7B-v0.3,layer_20.v_proj,20,v_proj,1024,6.753250598907471,6.632565021514893,759.4276227032017,83.82640075683594,1007,968,863,517
mistralai/Mistral-7B-v0.3,layer_20.o_proj,20,o_proj,4096,7.617592811584473,7.293564319610596,1470.8037802307185,16.600543975830078,3384,2981,2371,1135
mistralai/Mistral-7B-v0.3,layer_20.gate_proj,20,gate_proj,4096,8.033916473388672,7.520783424377441,1846.0129392401802,5.631443023681641,4006,3846,3413,1923
mistralai/Mistral-7B-v0.3,layer_20.up_proj,20,up_proj,4096,8.117579460144043,7.962859153747559,2872.273495141549,11.063117027282715,4014,3865,3462,2031
mistralai/Mistral-7B-v0.3,layer_20.down_proj,20,down_proj,4096,8.14212417602539,8.00892162322998,3007.671959874687,9.56837272644043,4027,3889,3500,2090
mistralai/Mistral-7B-v0.3,layer_21.q_proj,21,q_proj,4096,7.450188636779785,6.808424949645996,905.4435640468283,7.988376140594482,3311,2880,2243,997
mistralai/Mistral-7B-v0.3,layer_21.k_proj,21,k_proj,1024,6.459610462188721,6.081113815307617,437.5162357118501,9.89089298248291,979,904,751,371
mistralai/Mistral-7B-v0.3,layer_21.v_proj,21,v_proj,1024,6.708367347717285,6.554166316986084,702.1635239407949,45.91952133178711,1004,960,843,491
mistralai/Mistral-7B-v0.3,layer_21.o_proj,21,o_proj,4096,7.698237419128418,7.427728652954102,1681.9828645797566,17.03140640258789,3431,3048,2460,1232
mistralai/Mistral-7B-v0.3,layer_21.gate_proj,21,gate_proj,4096,8.034196853637695,7.502509593963623,1812.5855651326935,5.684580326080322,4007,3847,3415,1924
mistralai/Mistral-7B-v0.3,layer_21.up_proj,21,up_proj,4096,8.121696472167969,7.973532676696777,2903.0949664405384,11.432161331176758,4018,3871,3467,2035
mistralai/Mistral-7B-v0.3,layer_21.down_proj,21,down_proj,4096,8.13634967803955,8.002009391784668,2986.953921604697,11.046870231628418,4022,3879,3483,2071
mistralai/Mistral-7B-v0.3,layer_22.q_proj,22,q_proj,4096,7.544417381286621,6.927035331726074,1019.4671132053786,6.720067501068115,3360,2949,2334,1098
mistralai/Mistral-7B-v0.3,layer_22.k_proj,22,k_proj,1024,6.506315231323242,6.175535678863525,480.84053105319884,9.285419464111328,987,923,774,388
mistralai/Mistral-7B-v0.3,layer_22.v_proj,22,v_proj,1024,6.723448753356934,6.568804740905762,712.5176907132246,53.04273986816406,1010,974,869,499
mistralai/Mistral-7B-v0.3,layer_22.o_proj,22,o_proj,4096,7.719577789306641,7.45067024230957,1721.0162568114927,12.09169864654541,3449,3073,2493,1264
mistralai/Mistral-7B-v0.3,layer_22.gate_proj,22,gate_proj,4096,8.051925659179688,7.6003193855285645,1998.834191882202,5.530599117279053,4010,3854,3428,1945
mistralai/Mistral-7B-v0.3,layer_22.up_proj,22,up_proj,4096,8.124195098876953,7.977985858917236,2916.0518054999943,10.907981872558594,4019,3874,3472,2040
mistralai/Mistral-7B-v0.3,layer_22.down_proj,22,down_proj,4096,8.127752304077148,7.983082294464111,2930.9512102567687,15.931173324584961,4021,3876,3476,2053
mistralai/Mistral-7B-v0.3,layer_23.q_proj,23,q_proj,4096,7.516324996948242,6.829456806182861,924.6883910185155,6.4146270751953125,3351,2940,2324,1079
mistralai/Mistral-7B-v0.3,layer_23.k_proj,23,k_proj,1024,6.507626056671143,6.1533403396606445,470.285679916764,7.367463111877441,974,900,761,392
mistralai/Mistral-7B-v0.3,layer_23.v_proj,23,v_proj,1024,6.752782344818115,6.619553089141846,749.6100133868182,33.77477264404297,1010,976,877,519
mistralai/Mistral-7B-v0.3,layer_23.o_proj,23,o_proj,4096,7.674996376037598,7.363098621368408,1576.7146430779394,10.799473762512207,3429,3043,2450,1212
mistralai/Mistral-7B-v0.3,layer_23.gate_proj,23,gate_proj,4096,8.060750007629395,7.616225242614746,2030.8815576345396,5.763321399688721,4013,3860,3439,1963
mistralai/Mistral-7B-v0.3,layer_23.up_proj,23,up_proj,4096,8.129852294921875,7.988500595092773,2946.8750862578354,10.63979434967041,4022,3880,3483,2054
mistralai/Mistral-7B-v0.3,layer_23.down_proj,23,down_proj,4096,8.116331100463867,7.9538469314575195,2846.5042215515896,12.312978744506836,4018,3872,3469,2035
mistralai/Mistral-7B-v0.3,layer_24.q_proj,24,q_proj,4096,7.5417160987854,6.8800225257873535,972.648269213202,7.0356669425964355,3369,2963,2350,1105
mistralai/Mistral-7B-v0.3,layer_24.k_proj,24,k_proj,1024,6.550781726837158,6.225832462310791,505.64379670494577,8.40026569366455,988,929,793,411
mistralai/Mistral-7B-v0.3,layer_24.v_proj,24,v_proj,1024,6.774846076965332,6.651308059692383,773.795834975425,18.08659553527832,1012,982,890,538
mistralai/Mistral-7B-v0.3,layer_24.o_proj,24,o_proj,4096,7.72400426864624,7.4602837562561035,1737.641053920027,15.066828727722168,3454,3081,2503,1271
mistralai/Mistral-7B-v0.3,layer_24.gate_proj,24,gate_proj,4096,8.06359577178955,7.57856559753418,1955.8215171571765,5.562772750854492,4015,3865,3447,1975
mistralai/Mistral-7B-v0.3,layer_24.up_proj,24,up_proj,4096,8.134517669677734,7.996379375457764,2970.1845724081677,9.689590454101562,4025,3886,3492,2065
mistralai/Mistral-7B-v0.3,layer_24.down_proj,24,down_proj,4096,8.094958305358887,7.896182537078857,2687.0051817860613,10.033551216125488,4015,3864,3451,2000
mistralai/Mistral-7B-v0.3,layer_25.q_proj,25,q_proj,4096,7.5643110275268555,6.931272983551025,1023.7964264605347,7.223668098449707,3394,2996,2388,1132
mistralai/Mistral-7B-v0.3,layer_25.k_proj,25,k_proj,1024,6.524919509887695,6.182534217834473,484.2175154434292,7.825604438781738,992,934,792,397
mistralai/Mistral-7B-v0.3,layer_25.v_proj,25,v_proj,1024,6.751133918762207,6.612997055053711,744.7116191510894,33.11664581298828,1011,978,878,519
mistralai/Mistral-7B-v0.3,layer_25.o_proj,25,o_proj,4096,7.705487251281738,7.429457187652588,1684.8927445131394,14.085295677185059,3449,3074,2490,1246
mistralai/Mistral-7B-v0.3,layer_25.gate_proj,25,gate_proj,4096,8.069425582885742,7.578343391418457,1955.3869699361153,5.2172532081604,4017,3869,3456,1990
mistralai/Mistral-7B-v0.3,layer_25.up_proj,25,up_proj,4096,8.137554168701172,8.000080108642578,2981.1967971049,8.938461303710938,4028,3890,3499,2074
mistralai/Mistral-7B-v0.3,layer_25.down_proj,25,down_proj,4096,8.071596145629883,7.837355613708496,2533.4964247084017,7.489109992980957,4012,3857,3436,1965
mistralai/Mistral-7B-v0.3,layer_26.q_proj,26,q_proj,4096,7.546909809112549,6.846285343170166,940.3812171121788,7.306065082550049,3383,2981,2371,1120
mistralai/Mistral-7B-v0.3,layer_26.k_proj,26,k_proj,1024,6.50203275680542,6.118371486663818,454.1245441143375,7.53549861907959,990,926,777,389
mistralai/Mistral-7B-v0.3,layer_26.v_proj,26,v_proj,1024,6.73293924331665,6.576075077056885,717.7168106118637,17.529878616333008,1011,976,875,510
mistralai/Mistral-7B-v0.3,layer_26.o_proj,26,o_proj,4096,7.6720404624938965,7.347718238830566,1552.6497070657404,7.946551322937012,3431,3046,2452,1208
mistralai/Mistral-7B-v0.3,layer_26.gate_proj,26,gate_proj,4096,8.072383880615234,7.591507434844971,1981.2979413209175,4.842419624328613,4021,3875,3464,1997
mistralai/Mistral-7B-v0.3,layer_26.up_proj,26,up_proj,4096,8.139069557189941,8.000734329223633,2983.1477955278147,7.891204833984375,4030,3894,3505,2080
mistralai/Mistral-7B-v0.3,layer_26.down_proj,26,down_proj,4096,8.046147346496582,7.78132438659668,2395.4452161966237,21.215225219726562,4010,3852,3421,1927
mistralai/Mistral-7B-v0.3,layer_27.q_proj,27,q_proj,4096,7.596607685089111,6.9225921630859375,1014.947497042159,6.7447285652160645,3404,3013,2415,1169
mistralai/Mistral-7B-v0.3,layer_27.k_proj,27,k_proj,1024,6.591159820556641,6.240148544311523,512.9346988157433,6.974386215209961,992,937,805,434
mistralai/Mistral-7B-v0.3,layer_27.v_proj,27,v_proj,1024,6.7549147605896,6.613468170166016,745.0625467063269,10.644266128540039,1010,976,879,524
mistralai/Mistral-7B-v0.3,layer_27.o_proj,27,o_proj,4096,7.640811920166016,7.256128311157227,1416.7606484853152,6.278232097625732,3426,3038,2440,1186
mistralai/Mistral-7B-v0.3,layer_27.gate_proj,27,gate_proj,4096,8.077886581420898,7.582799434661865,1964.119701095599,4.687334060668945,4025,3884,3481,2019
mistralai/Mistral-7B-v0.3,layer_27.up_proj,27,up_proj,4096,8.142123222351074,7.997875690460205,2974.6322308630743,6.881866455078125,4033,3901,3517,2093
mistralai/Mistral-7B-v0.3,layer_27.down_proj,27,down_proj,4096,8.03183364868164,7.7253031730651855,2264.939151927677,33.05055236816406,4014,3860,3433,1927
mistralai/Mistral-7B-v0.3,layer_28.q_proj,28,q_proj,4096,7.477891445159912,6.686732292175293,801.698251595531,6.264871597290039,3342,2924,2299,1051
mistralai/Mistral-7B-v0.3,layer_28.k_proj,28,k_proj,1024,6.450965881347656,6.037492752075195,418.8415776291426,8.097148895263672,980,904,750,367
mistralai/Mistral-7B-v0.3,layer_28.v_proj,28,v_proj,1024,6.676209449768066,6.474822998046875,648.6044132020482,26.430519104003906,1006,966,853,479
mistralai/Mistral-7B-v0.3,layer_28.o_proj,28,o_proj,4096,7.614503383636475,7.313358783721924,1500.207609313317,12.883296012878418,3377,2966,2341,1106
mistralai/Mistral-7B-v0.3,layer_28.gate_proj,28,gate_proj,4096,8.069340705871582,7.545955181121826,1893.0700989222394,4.856850624084473,4029,3891,3488,2021
mistralai/Mistral-7B-v0.3,layer_28.up_proj,28,up_proj,4096,8.134127616882324,7.954734802246094,2849.032671801916,6.022932529449463,4034,3903,3518,2086
mistralai/Mistral-7B-v0.3,layer_28.down_proj,28,down_proj,4096,8.083949089050293,7.874131202697754,2628.4016497789676,40.3537483215332,4015,3870,3459,1989
mistralai/Mistral-7B-v0.3,layer_29.q_proj,29,q_proj,4096,7.440804481506348,6.60399055480957,738.0344877001166,5.829892158508301,3309,2883,2255,1023
mistralai/Mistral-7B-v0.3,layer_29.k_proj,29,k_proj,1024,6.438758373260498,5.98108434677124,395.8693952067624,7.523993015289307,980,909,755,372
mistralai/Mistral-7B-v0.3,layer_29.v_proj,29,v_proj,1024,6.750792026519775,6.622560501098633,751.867792838753,87.52339935302734,1007,970,869,516
mistralai/Mistral-7B-v0.3,layer_29.o_proj,29,o_proj,4096,7.615215301513672,7.31696081161499,1505.621142963855,6.561398029327393,3367,2955,2334,1104
mistralai/Mistral-7B-v0.3,layer_29.gate_proj,29,gate_proj,4096,8.056780815124512,7.576176643371582,1951.154725797276,5.266656398773193,4029,3889,3481,1997
mistralai/Mistral-7B-v0.3,layer_29.up_proj,29,up_proj,4096,8.112052917480469,7.8510332107543945,2568.3866310877265,5.331611633300781,4034,3901,3509,2060
mistralai/Mistral-7B-v0.3,layer_29.down_proj,29,down_proj,4096,8.122326850891113,7.969955921173096,2892.7298532716677,12.286850929260254,4019,3880,3485,2045
mistralai/Mistral-7B-v0.3,layer_30.q_proj,30,q_proj,4096,7.358157157897949,6.437893390655518,625.0885943530218,5.872350692749023,3296,2855,2205,948
mistralai/Mistral-7B-v0.3,layer_30.k_proj,30,k_proj,1024,6.360137939453125,5.873774528503418,355.58862982330294,8.5980863571167,975,898,734,332
mistralai/Mistral-7B-v0.3,layer_30.v_proj,30,v_proj,1024,6.647716045379639,6.433704376220703,622.4755660359913,19.89501953125,1002,953,830,464
mistralai/Mistral-7B-v0.3,layer_30.o_proj,30,o_proj,4096,7.562122344970703,7.167259693145752,1296.287505724197,8.209416389465332,3367,2949,2313,1055
mistralai/Mistral-7B-v0.3,layer_30.gate_proj,30,gate_proj,4096,8.053330421447754,7.574212551116943,1947.3262388942221,4.436273097991943,4031,3892,3485,2005
mistralai/Mistral-7B-v0.3,layer_30.up_proj,30,up_proj,4096,8.077448844909668,7.578841686248779,1956.3615719539214,4.630518913269043,4035,3899,3498,2027
mistralai/Mistral-7B-v0.3,layer_30.down_proj,30,down_proj,4096,8.11603832244873,7.949552059173584,2834.30506512581,9.05090045928955,4029,3893,3494,2034
mistralai/Mistral-7B-v0.3,layer_31.q_proj,31,q_proj,4096,7.257869720458984,6.247779369354248,516.8637857826507,6.023085594177246,3264,2809,2143,874
mistralai/Mistral-7B-v0.3,layer_31.k_proj,31,k_proj,1024,6.330126762390137,5.802199840545654,331.0269660691865,7.448604583740234,967,883,720,328
mistralai/Mistral-7B-v0.3,layer_31.v_proj,31,v_proj,1024,6.614623546600342,6.361647129058838,579.1995876024091,25.573259353637695,1001,954,830,455
mistralai/Mistral-7B-v0.3,layer_31.o_proj,31,o_proj,4096,7.3636322021484375,6.0631914138793945,429.7447440248047,4.677671909332275,3303,2855,2184,944
mistralai/Mistral-7B-v0.3,layer_31.gate_proj,31,gate_proj,4096,8.055803298950195,7.554949760437012,1910.1742751972631,4.61878776550293,4033,3900,3508,2041
mistralai/Mistral-7B-v0.3,layer_31.up_proj,31,up_proj,4096,7.9345173835754395,6.458540439605713,638.1289887319695,4.528226852416992,4033,3889,3462,1924
mistralai/Mistral-7B-v0.3,layer_31.down_proj,31,down_proj,4096,8.097270965576172,7.839265823364258,2538.3405592250006,5.436819553375244,4041,3906,3501,2015
